<?xml version="1.0" encoding="UTF-8"?> 
 
<!-- It is schema style configuration for Spring 2.5  -->
<beans xmlns="http://www.springframework.org/schema/beans"
       xmlns:xsi="http://www.w3.org/2001/XMLSchema-instance"
       xsi:schemaLocation="
                http://www.springframework.org/schema/beans
                http://www.springframework.org/schema/beans/spring-beans.xsd
                http://www.springframework.org/schema/context
		 		http://www.springframework.org/schema/context/spring-context-3.0.xsd
		 		http://www.springframework.org/schema/tx 
				http://www.springframework.org/schema/tx/spring-tx-3.0.xsd"
				
		xmlns:tx="http://www.springframework.org/schema/tx"
		xmlns:context="http://www.springframework.org/schema/context">
   <context:component-scan base-package="com.quiz.core.daos, com.quiz.core.services, com.quiz.core.models, com.quiz.core.exceptions, com.quiz.web.controllers, com.quiz.core.securities" />
	
	<bean id="ds"
		class="org.springframework.jdbc.datasource.DriverManagerDataSource">
		<property name="driverClassName" value="com.mysql.jdbc.Driver"></property>
		<property name="url" value="jdbc:mysql://localhost:3306/onlineexam"></property>
		<property name="username" value="root"></property>
		<property name="password" value=""></property>
	</bean>
	
	<bean id="jdbcTemplate" class="org.springframework.jdbc.core.JdbcTemplate">
		<property name="dataSource" ref="ds"></property>
	</bean>
    
    <bean id="entityManagerFactory" class="org.springframework.orm.jpa.LocalContainerEntityManagerFactoryBean">
		<property name="persistenceXmlLocation" value="/META-INF/persistence.xml" />
		<property name="persistenceUnitName" value="StudentPersistentUnit" />
		<property name="dataSource" ref="ds" />
		<property name="jpaVendorAdapter" ref="jpaVendorAdapter" />
		<property name="jpaDialect" ref="jpaDialect" />
		<property name="jpaPropertyMap">
            <map>
                <entry key="hibernate.hbm2ddl.auto" value="update"/>
            </map>
        </property>
	</bean> 

 <bean id="jpaVendorAdapter" class="org.springframework.orm.jpa.vendor.HibernateJpaVendorAdapter">
		<property name="database" value="MYSQL" />
		<!-- <property name="showSql" value="false"/>
        <property name="generateDdl" value="true"/> -->
        <property name="databasePlatform" value="org.hibernate.dialect.MySQL5Dialect"/>
	</bean>
 	
	<bean id="jpaDialect" class="org.springframework.orm.jpa.vendor.HibernateJpaDialect" /> 
 
	<bean id="transactionManager" class="org.springframework.orm.jpa.JpaTransactionManager">
		<property name="entityManagerFactory" ref="entityManagerFactory" />
		<property name="dataSource" ref="ds" />
		<property name="jpaDialect" ref="jpaDialect" />
	</bean> 
 
	<tx:annotation-driven transaction-manager="transactionManager" />
</beans>