<!-- dispatcher servlet refer this file -->
<beans xmlns="http://www.springframework.org/schema/beans"
	xmlns:xsi="http://www.w3.org/2001/XMLSchema-instance" 
	xmlns:context="http://www.springframework.org/schema/context"
	xmlns:security="http://www.springframework.org/schema/security"
	xmlns:aop="http://www.springframework.org/schema/aop" 
	xmlns:tx="http://www.springframework.org/schema/tx"

	xmlns:p="http://www.springframework.org/schema/p"
	xmlns:mvc="http://www.springframework.org/schema/mvc"
	xsi:schemaLocation="http://www.springframework.org/schema/beans
     http://www.springframework.org/schema/beans/spring-beans-4.0.xsd
     http://www.springframework.org/schema/context
     http://www.springframework.org/schema/context/spring-context-4.0.xsd
     http://www.springframework.org/schema/mvc 
     http://www.springframework.org/schema/mvc/spring-mvc-4.0.xsd 
     http://www.springframework.org/schema/beans 
     http://www.springframework.org/schema/beans/spring-beans-4.0.xsd 
     http://www.springframework.org/schema/aop 
     http://www.springframework.org/schema/aop/spring-aop-4.0.xsd 
     http://www.springframework.org/schema/context 
     http://www.springframework.org/schema/context/spring-context.xsd 
     http://www.springframework.org/schema/tx 
     http://www.springframework.org/schema/tx/spring-tx-4.0.xsd">

	<!-- the import to import multiple files but ultimately to create single 
		context i.e. Web Application Context. -->
	<import resource="spring-core.xml" />
	<!-- <import resource="Captcha-Context.xml" /> -->
	<mvc:annotation-driven />
	<context:component-scan base-package="com.quiz.web.controllers" />
	<mvc:resources mapping="/resources/**" location="/resources/" />

	<bean id="multipartResolver"
		class="org.springframework.web.multipart.commons.CommonsMultipartResolver">
		<property name="maxUploadSize" value="1000000000" />
	</bean>

	<bean id="uploadService" class="com.quiz.core.services.FileUploadService"
		autowire="byType"></bean>
	<bean id="fileUploadDao" class="com.quiz.core.daos.FileUploadDao"
		autowire="byType"></bean>

	<bean id="viewResolver"
		class="org.springframework.web.servlet.view.InternalResourceViewResolver">
		<property name="viewClass"
			value="org.springframework.web.servlet.view.JstlView" />
		<property name="prefix">
			<value>/WEB-INF/pages1/</value>
		</property>
		<property name="suffix">
			<value>.jsp</value>
		</property>
	</bean>

</beans>
 
